label,text,emoji_pos_count,emoji_neg_count,word_pos_count,word_neg_count
1,Good morning every one,0,0,1,0
0,TW: S AssaultActually horrified how many friends of mine women I talk to have been sexually assaulted in past. Just found out another unhappy ğŸ˜§,0,10,1,1
1,Thanks by has notice of me Greetings : JossetteD'Hermanni,0,0,0,0
0,its ending soon aah unhappy ğŸ˜§,0,10,1,1
1,My real time happy ğŸ˜Š,10,0,1,0
0,i hope this little beaand is andot overworkiandg himself and gettiandg at least some rest unhappy .2 ğŸ˜§,0,10,1,1
0,WHY ARE YOU WHIMPER AT ME?,0,0,0,0
1,Thanks for the recent follow Happy to connect happy have a great Thursday. Want this.3 ğŸ˜Š,10,0,2,0
1,25x25? I can go first happy ğŸ˜Š,10,0,1,0
0,Biggest problem for paper books is storage unhappy ğŸ˜§,0,10,1,1
0,GOD NOT THE KOALAS,0,0,0,0
1,fun and funny.... this book will warn up your kindle at night happy ğŸ˜Š,10,0,1,0
0,No Celtics or Bruins today unhappy At least Sale is pitching for the Sox ğŸ˜§,0,10,1,1
1,I just did happy.1,0,0,1,0
1,thanks for the recent follow. Much appreciated happy Want this.2 ğŸ˜Š,10,0,1,0
0,24-20 unhappy ğŸ˜§,0,10,1,1
0,and he's still taking over a quarter of the billboard charts while x is,0,0,0,0
1,That's why I say at the end of my videos If you liked it,0,0,0,0
0,yeah sad ğŸ˜”,0,10,0,1
1,TypingCure,0,0,0,0
0,this is damn.... theres people who sincerely want to attend BH birthday party but bcs of those people who try for fun make them ca.10,0,0,0,0
0,Well thanks for stoping by unhappy ğŸ˜§,0,10,1,1
0,this is damn.... theres people who sincerely want to attend BH birthday party but bcs of those people who try for fun make them ca.12,0,0,0,0
0,I've Just Wrote 30 Tweets About But Still Didn't Notice Me crying ğŸ˜†,10,0,0,0
0,Okey unhappy ğŸ˜§,0,10,1,1
1,good morning,0,0,1,0
1,Thanks for the recent follow Happy to connect happy have a great Thursday. Want this ?.3 ğŸ˜Š,10,0,2,0
0,Typed up all the medical shorthand abbreviation we use for work,0,0,0,0
0,it's such a negative pit of unhappiness,0,0,0,0
0,Definitely my arms unhappy .6 ğŸ˜§,0,10,1,1
1,Did you notice? There is no killings of RSS / BJP workers in another Southern State? CM is dismantling Xtian infra in Munnar?,0,0,0,0
1,yes it would have if it hadn't been for those meddling clouds smile ğŸ˜­,0,10,0,0
0,not applicablengarag not applicable this unhappy ill find more wonu pictures soon alxmdkcsnx ğŸ˜§,0,10,1,1
0,Call Duration: Before sex: 01:47:36 After sex: 00:00:19 crying ğŸ˜†,10,0,0,0
1,.Is the winner of the donation giveaway,0,0,0,0
1,good luck! You have my vote smile ğŸ˜­,0,10,1,0
1,it would be awesome.,0,0,1,0
1,New twitter acc. happy ğŸ˜Š,10,0,1,0
1,Indeed,0,0,0,0
1,We got a Vive tracker in the office and our intern,0,0,0,0
0,i know.. i really want his ranks to rise a lot during tmr's episode but seeing how many tweet about him.. unhappy ğŸ˜§,0,10,1,1
0,dang guess my plans are ruined unhappy ğŸ˜§,0,10,1,1
1,The tutorial of Michel Grundstein Distinguishing Information from Knowledge.. will start at 15pm. Be here happy ğŸ˜Š,10,0,1,0
0,The manifesto,0,0,0,0
1,1st day of JA Entertainment's Marathi Film Savita Damodar Paranjpe Have been a big fan of this story. Finally get,0,0,0,0
0,mane has been amazing unhappy .1 ğŸ˜§,0,10,1,1
1,popping into a store,0,0,0,0
1,Remember- vocab knowledge is worth 75% of your grade! Will announce winner tomorrow morning at 10am! happy 15 to purchase! happy ğŸ˜Š ğŸ˜Š,20,0,1,0
0,oh my god same! we should attend on some lessons together sometime just kidding HAHAH,0,0,0,0
0,last kiss unhappy ğŸ˜§,0,10,1,1
0,WTF Canada 2017 and you are still in the 1700s. I Will Never support,0,0,0,0
0,If you really want to dye it don't go lighter,0,0,0,0
0,talking to my over driver about where I'm goinghe said he'd love to go to New York too but since Trump it's probably not.4 ğŸ˜,10,0,1,0
0,Note to self: Dont get to attached crying ğŸ˜†,10,0,0,0
1,Nothing could be better happy.2,0,0,1,0
0,wow this is amazing but i won't be in the country unhappy ğŸ˜§,0,10,1,1
1,Did you notice? There is no killings of RSS / BJP workers in another Southern State? CM is dismantling Xtian infra in Munnar?.1,0,0,0,0
1,I think I'm going to check out Even though I hear it's not as good as UE4 I believe it might be cool to tr,0,0,1,0
0,i don't think i'll be ever to edit long videos here unhappy i'll go try another editing software ğŸ˜§,0,10,1,1
0,Ouch Elena Eremina's foot slip,0,0,0,0
1,You nailed it!!!!! Brought tears to my eyes,0,0,0,0
0,the anniversary of josh's death unhappy ğŸ˜§,0,10,1,1
0,Why is it so difficult for me to get at least a chance unhappy ğŸ˜§,0,10,1,1
1,always running out of space on my phone,0,0,0,0
0,Roc Boyz sad .3 ğŸ˜”,0,10,0,1
1,music and direction by of my favourites by.1,0,0,0,0
1,mutual: let's talk more!me: for sure!mutual: happy me:.8 ğŸ˜Š,10,0,1,0
1,Hello I hope you visit Luxor its amazing city in Egypt pleas check,0,0,0,0
1,Select from 14 award-winning Laura Taylor romance ebooks,0,0,0,0
0,Yeah! My sight reading was pretty good in high school,0,0,1,0
1,EVERY time I think that my skin is getting better,0,0,0,0
0,CAN SOMEONE PLS GIFT ME XAYAH USING PI PLSSSS? unhappy ğŸ˜§,0,10,1,1
1,thanks for the recent follow.2,0,0,0,0
1,Can you PM me ? ğŸ˜„,10,0,0,0
1,Here is a new thesis by another genius.Sir,0,0,0,0
1,Nothing could be better happy.3,0,0,1,0
1,Thanks for being top engaged community members this week happy Want this.1 ğŸ˜Š,10,0,1,0
1,Happy Birthday in Chopin style - Piano Improvisation,0,0,1,0
1,Just a new happy ğŸ˜Š,10,0,1,0
0,please answer request. unhappy ğŸ˜§,0,10,1,1
0,Ok will do! I never had any problems with the old ticket app,0,0,0,0
0,Half of the time it doesn't load,0,0,0,0
1,Who wants some good vibes? Watch this on YouTube or TV100 application now for FREE happy.2,0,0,2,0
1,SONE who cant stream at Genie!You CAN stream for TY at Genie! We are still sharing some Genie IDs. If you want it.2,0,0,0,0
0,Oh no unhappy what are you like?! Is it still in shops? ğŸ˜§,0,10,1,1
0,Does anyone have a 7 adapter or 7 earbuds i can borrow for the day? Left mine in my car unhappy ğŸ˜§,0,10,1,1
0,mayes unhappy .g ğŸ˜§,0,10,1,1
1,Cheers ğŸ˜„,10,0,0,0
0,can I only pick one unhappy ğŸ˜§,0,10,1,1
1,Broadcaster says Fly Away reminds him of early happy ğŸ˜Š,10,0,1,0
1,He didn't play for a year,0,0,0,0
1,which is good for him happy.1,0,0,2,0
0,Same unhappy I've unfollowed so many people ugh ğŸ˜§,0,10,1,1
1,Happy birthday have a good day happy ğŸ˜Š,10,0,2,0
1,On moral grounds this verdict is in favor of PTI happy becoz to out of 5 judges clearly mention that our PM is... ğŸ˜Š,10,0,1,0
0,give me my own AHN MINHYUK juseyoooo unhappy ğŸ˜§,0,10,1,1
0,Koalas are dying of thirst and it's all because of us unhappy .12 ğŸ˜§,0,10,1,1
1,sloths are great? So it's a good un-unthinkable picture? Have I dug mysel,0,0,2,0
1,Thanks for the recent follow Happy to connect happy have a great Thursday. Get FREE? ğŸ˜Š,10,0,2,0
0,you don't post much lately? school unhappy ğŸ˜§,0,10,1,1
0,In so much pain. My eye hurts unhappy ğŸ˜§,0,10,1,1
0,i was going to add bazza,0,0,0,0
0,Aww unhappy I'm on Coeurl ğŸ˜§,0,10,1,1
1,I'm not lost,0,0,0,0
0,I'm very jealous of you all unhappy Please go see 18:40 - Green Room on Sat! ğŸ˜§,0,10,1,1
1,for my 2000th tweet i'd like to say i love donghyuck ğŸ˜„ ğŸ˜,20,0,1,0
1,3 little ones.. wish you the best happy sounds like a fun group ğŸ˜Š,10,0,1,0
1,It really is uplifting and inspiring,0,0,0,0
1,Gippy Grewal will be online on Twitter at 3 PM,0,0,0,0
0,Late nights,0,0,0,0
0,my heart unhappy ğŸ˜§,0,10,1,1
0,this is damn.... theres people who sincerely want to attend BH birthday party but bcs of those people who try for fun make them ca.13,0,0,0,0
0,ich will ned unhappy ğŸ˜§,0,10,1,1
0,Its not organicthey'll shoehorn it inbut plot character developmentMCU netflix has lesWhat support,0,0,0,0
1,Your titties are fantastic. Kissy Kissy,0,0,0,0
1,Thanks for the recent follow Happy to connect happy have a great Thursday..17 ğŸ˜Š,10,0,2,0
0,babies unhappy ğŸ˜§,0,10,1,1
1,Will you do before and after pictures? I always enjoy your swanky hair happy ğŸ˜Š,10,0,1,0
1,on Snapchat happy ğŸ˜Š,10,0,1,0
1,thanks for the recent follow.3,0,0,0,0
1,instant message fine yoo,0,0,0,0
1,GIVING AWAY ALL THESE SOUVENIRS TO 5 LUCKY WINNERS!To Enter: Follow + RTRolling winners in 48 hold on,0,0,0,0
1,thanks for the recent follow. Much appreciated happy Get it.1 ğŸ˜Š,10,0,1,0
1,Thankfully I didn't have to chop it myself,0,0,0,0
0,my puppies deserves all better unhappy ğŸ˜§,0,10,1,1
1,Rt for an indirect from and me happy ğŸ˜Š,10,0,1,0
1,i send people bunny pics,0,0,0,0
1,Noted on this Sir,0,0,0,0
1,thanks a lot,0,0,0,0
1,Good evening happy ğŸ˜Š,10,0,2,0
1,Okay,0,0,0,0
0,This is so me though,0,0,0,0
1,I had but I have just seen the email. SO GOOD ğŸ˜„,10,0,1,0
1,Anne! happy ğŸ˜Š,10,0,1,0
0,before anyone else we ass hole unhappy ğŸ˜§,0,10,1,1
1,maybe I don't,0,0,0,0
0,I feel so bad,0,0,0,1
0,Someone messed up unhappy Available** ğŸ˜§,0,10,1,1
1,Spose you don't have to pay for accomodation which is nice haha? Or are you going to stay somewhere anyway? happy ğŸ˜Š,10,0,2,0
0,man. : (,0,0,0,0
0,but i can't,0,0,0,0
0,I miss him unhappy ğŸ˜§,0,10,1,1
0,I'm so sorry to see your tweet unhappy Please could you DM your address details? I will look i ğŸ˜§,0,10,1,1
0,oh,0,0,0,0
0,pake 3 unhappy ğŸ˜§,0,10,1,1
1,SONE who cant stream at Genie!You CAN stream for TY at Genie! We are still sharing some Genie IDs. If you want it.3,0,0,0,0
1,Perfect,0,0,0,0
0,this is damn.... theres people who sincerely want to attend BH birthday party but bcs of those people who try for fun make them ca.7,0,0,0,0
1,Sup guys? ğŸ˜„,10,0,0,0
1,Thanks for being top engaged community members this week happy Want this? ğŸ˜Š,10,0,1,0
1,Hellooo.. happy pussy (creepz_x) ğŸ˜Š,10,0,1,0
0,talking about tattoos just makes me want my bb8 tattoo more and more but i'm so broke it makes me unhappy ğŸ˜§,0,10,1,1
0,this is jimin to yoongi unhappy .5 ğŸ˜§,0,10,1,1
0,Miss the rain unhappy ğŸ˜§,0,10,1,1
1,Ouuuuu..... right in the jewels! ğŸ˜„,10,0,0,0
0,This escalated quickly,0,0,0,0
1,Play your part in raising funds for :,0,0,0,0
0,I'm trying to stay positive but I can't help be jealous of princess Mia's life. All she does is cuddle and eat unhappy ğŸ˜§,0,10,1,1
0,there are some rumors going around and videos of his performances on youtube have already been deleted..,0,0,0,0
0,I can't do it all on my own. (See what I did there? ) .1,0,0,0,0
0,Definitely my arms unhappy .12 ğŸ˜§,0,10,1,1
0,Definitely my arms unhappy .16 ğŸ˜§,0,10,1,1
1,Here's one of my rolls of 'Poundland' film! (A store that sells all products at 140.) And here's the DX d,0,0,0,0
1,How people write a joke on religion online.*Joke**Just joking guys,0,0,0,0
0,sadly I'm not unhappy ğŸ˜§,0,10,1,2
1,Alaye give me iphone7 or dollars for my birthdayDo normal abeg,0,0,0,0
1,This was awesome-- has two fill-ins this week happy ğŸ˜Š,10,0,2,0
0,I literally couldn't see a thing when they were at the back of the stage,0,0,0,0
1,got on my favorite boot cut jeans and roshe runs. No girl is safe today. Have a blessed 4/20 all smile ğŸ˜­,0,10,0,0
0,Whaaattt,0,0,0,0
0,PSA: REMEMBER THIS WHEN YOU ASK ARTISTS TO DRAW FOR YOU. I'd say the same thing for writers but apparently commissi,0,0,0,0
1,Yes.1,0,0,0,0
1,Hellooo happy Ross Chaplin (MasonCooper4) ğŸ˜Š,10,0,1,0
0,w,0,0,0,0
0,my views have gone done by about 100 monthly unhappy ğŸ˜§,0,10,1,1
1,Good luck to Rich riding for great project in this Sunday. Can you donate?,0,0,2,0
1,celebrate Hitler's birthday! ğŸ˜€,10,0,0,0
1,Let me eat that cake! ğŸ˜„ ğŸ˜›,20,0,0,0
1,That would be a great trick happy.2,0,0,2,0
1,uss,0,0,0,0
1,Jyoust a reminder... thank you for this happy ğŸ˜Š,10,0,1,0
1,thanks,0,0,0,0
0,it froze a few times. Then went to 16.10,0,0,0,0
0,the email I was hoping I'd get today,0,0,0,0
0,right i don%27t see how people can just do shit like this,0,0,0,0
1,Ohh yeah and we had sausage with our pancakes happy x ğŸ˜Š,10,0,1,0
0,to beautiful ladies and so full of fun and body confidence. .. then on the s,0,0,0,0
0,This is by far my worst day of 2017 since January 8th unhappy crying crying . ğŸ˜§ ğŸ˜† ğŸ˜†,20,10,1,1
1,Good Morning Peady,0,0,1,0
1,Thanks for the recent follow Happy to connect happy have a great Thursday..20 ğŸ˜Š,10,0,2,0
1,Never give up on the things that make you smile happy ğŸ˜­ ğŸ˜Š,10,10,1,0
1,IF YOU ARE READING THIS I HOPE SOMETHING GREAT HAPPENS smile ğŸ˜­,0,10,1,0
0,Same. unhappy I got a 12h stream coming up for my Bday in 8 hours. And I'm still not sleeping. ğŸ˜§,0,10,1,1
0,you got to rest,0,0,0,0
1,Thanks for the follow! happy ğŸ˜Š,10,0,1,0
0,Last day of the camp tomorrow,0,0,0,0
1,instead of just money,0,0,0,0
1,Uncheck new arrivals happy ğŸ˜Š,10,0,1,0
1,thanks for the recent follow. Much appreciated happy Want this ?.2 ğŸ˜Š,10,0,1,0
0,Don kray denial of normal bi say,0,0,0,0
0,this is damn.... theres people who sincerely want to attend BH birthday party but bcs of those people who try for fun make them ca.6,0,0,0,0
0,now i don%27t want to go camp unhappy ğŸ˜§,0,10,1,1
1,Order what ever you want to eat through our website.May you all have a great day happy.2,0,0,2,0
1,i always knew you woyould like this one better ğŸ˜„ hahaha.,10,0,0,0
0,why did she delete the tweet,0,0,0,0
0,i don%27t know if you saw my comment yet,0,0,0,0
0,Thats grim unhappy ğŸ˜§,0,10,1,1
0,jungkook looks like he gives the biggest and warmest hugs unhappy .1 ğŸ˜§,0,10,1,1
0,i havent been this early to school since last semester unhappy ğŸ˜§,0,10,1,1
0,ill be at work just a second come on unhappy ğŸ˜§,0,10,1,1
1,let me know! :-) (I'M A CHAMPION!!!!!)Elder Lenore A. ArtisMinistries...,0,0,0,0
1,the perfect dress,0,0,0,0
0,no its okay she survived :,0,0,0,0
1,Nothing could be better happy.1,0,0,1,0
1,give it a Like happy it's all about choice! ğŸ˜„ ğŸ˜Š,20,0,1,0
1,That would be a great trick happy.1,0,0,2,0
0,So,0,0,0,0
0,I'm a building a LLVM backend so,0,0,0,0
1,Again as I said I do see your concerns. But I assure you sir that Hinduism will stay Dharma and will no,0,0,0,0
0,Why? You don't like blonde hair? unhappy ğŸ˜§,0,10,1,1
0,Koalas are dying of thirst and it's all because of us unhappy .8 ğŸ˜§,0,10,1,1
1,Here's the full art for both Glyph Keeper and his mummy token. For those interested they will be hitting ebay tonig,0,0,0,0
1,will there be a new amazingphil video today? happy ğŸ˜Š,10,0,1,0
0,YG should have sent them to MCD. I want to see them holding the trophy unhappy anyways .7 ğŸ˜§,0,10,1,1
0,Shaandaar,0,0,0,0
1,Ruby was rehomed for times before she was for months old now loves her forever home. Pls always consider rescue when,0,0,1,0
1,have you tried these new hacks?! **TRYING DUMB LIFE HACKS 17**,0,0,0,0
0,does it have flip out scr,0,0,0,0
0,Ravel Morrison unhappy ğŸ˜§,0,10,1,1
0,but I liked seeing her posts and love her wri ğŸ˜,10,0,1,0
1,enjoy smile h.e.r. ğŸ˜­,0,10,0,0
0,wants to say HI to you.,0,0,0,0
1,Share the love:thanks for being top new followers this week happy Want this ğŸ˜Š,10,0,2,0
0,just now I saw. But you did not reply unhappy ğŸ˜§,0,10,1,1
0,I only just absorbed that I'm not going to get to laugh when he gets 2000 votes. unhappy .3 ğŸ˜§,0,10,1,1
0,BES RIP,0,0,0,0
0,Koalas are dying of thirst and it's all because of us unhappy .10 ğŸ˜§,0,10,1,1
0,True unhappy ğŸ˜§,0,10,1,1
1,friendly reminder that you can enjoy a movie or television show without having to trash another happy ğŸ˜Š,10,0,1,0
0,I miss my baby unhappy .1 ğŸ˜§,0,10,1,1
0,Me too...I won't miss the HGVs going past our house though. It was a nice looking building - had initiall,0,0,1,0
0,My mom knows the struggle of this drystreak I'm on unhappy ğŸ˜§,0,10,1,1
0,Definitely my arms unhappy .8 ğŸ˜§,0,10,1,1
1,I can't wait to actually see a copy smile ğŸ˜­,0,10,0,0
1,my friend is such an egg,0,0,0,0
1,much appreciated happy (Want this for It's Magical! ğŸ˜Š,10,0,1,0
1,Released my 3rd episode of programming for everyone! Be sure to check it out happy ğŸ˜Š,10,0,1,0
0,I ordered car yesterday,0,0,0,0
1,if you follow and DM us we will be able to assist you. Chris happy ğŸ˜Š,10,0,1,0
1,i don%27t know he looks so cool crying with joy ğŸ˜†,10,0,0,0
1,Go back to school for music! I think I will in time happy.2,0,0,1,0
1,thanks for the recent follow.1,0,0,0,0
0,Roc Boyz sad .1 ğŸ˜”,0,10,0,1
0,if i get 900 retweets and 900 likes. help me ğŸ˜§ un.2,0,10,0,0
1,new video out today happy ğŸ˜Š,10,0,1,0
0,Maa ki kuss tumhari. Now take this bullshit you loser.,0,0,0,0
1,rt for 13 ffs-it's not much but they're free-legit-free but follow me first to get them quicker-be patient i will g.1,0,0,0,0
0,Streaming later in the day (night stream) since i have to go and take care of the internet contract,0,0,0,0
0,all ready for its poster - when my computer gets,0,0,0,0
0,3. That's a lot cheaper and easier than make your own. My schematic needs special cables that doesn't come easy. unhappy ğŸ˜§,0,10,1,1
0,Hey guys could you help me by retweeting this? I've heard was legitimate and I really need a VPN account rig,0,0,0,0
0,Swear I just walked past haha,0,0,0,0
0,come to Miami sad ğŸ˜”,0,10,0,1
0,A year ago today is the last time Sakho played for us unhappy ğŸ˜§,0,10,1,1
1,opera Nirjhor As long as they are not claiming to be the first one ğŸ˜„ /Rosi,10,0,0,0
0,suuuuuuuuss scared crying ğŸ˜†,10,0,0,0
0,SO PRECIOUS I REALLY MISS HIM unhappy .2 ğŸ˜§,0,10,1,1
1,big love for Anne cox happy ğŸ˜ ğŸ˜Š,20,0,2,0
1,.NOTHING CHANGED BUT THE DATE .. APRIL 28 MAKE S,0,0,0,0
0,sorry guys unhappy ğŸ˜§,0,10,1,1
1,Beetle done and joins Wall-E,0,0,0,0
0,Ps4 mate,0,0,0,0
1,New Upcoming Heroes REVEALED! WUKONG,0,0,0,0
1,From soup and sandwiches to slow cooked pork,0,0,0,0
0,never mind Khushi,0,0,0,0
0,only take season 9 off,0,0,0,0
1,i think instant message meant to stay single and fix people's relationships my entire life smile ğŸ˜­,0,10,0,0
1,Thanks for the recent follow Happy to connect happy have a great Thursday. Want this ?.2 ğŸ˜Š,10,0,2,0
0,Looks awesome Annette,0,0,1,0
1,Sydney tomorrow,0,0,0,0
0,Definitely my arms unhappy .14 ğŸ˜§,0,10,1,1
1,Merry Christmas everyone happy ğŸ˜Š,10,0,1,0
0,My knee is similar colour to leny Henry's unhappy ğŸ˜§,0,10,1,1
0,Hi Julie,0,0,0,0
0,One year ago today unhappy .1 ğŸ˜§,0,10,1,1
1,or SHIT for short ğŸ˜Š *Thanks to my friend maddy over at,10,0,0,0
1,Goals of 2017: Become apart of with and Lose 50 LBSStart Youtube happy ğŸ˜Š,10,0,1,0
0,Golly gosh. This is simply dreadful What havoc must be wreaking subsurface? Black salve won't,0,0,0,0
1,Same happy I'll see closer to the con but it's no more than five or so. Lol same ğŸ˜„ ğŸ˜Š,20,0,1,0
0,We'd love to ğŸ˜,10,0,1,0
0,and have fun,0,0,0,0
0,Roc Boyz sad .2 ğŸ˜”,0,10,0,1
1,Soon I'll make arts happy ğŸ˜Š,10,0,1,0
1,only way to make sense of those crazy edge cases is the idea of sharing revenue was offensive,0,0,0,0
0,#NAME?,0,0,0,0
1,I just wanted to say thank you for following me,0,0,0,0
1,Superstar thanks so much for the kind words! Look forward to seeing you soon buddy smile.1,0,0,0,0
1,C'mon Tweeps,0,0,0,0
1,Good morning every one.1,0,0,1,0
0,Definitely my arms unhappy .10 ğŸ˜§,0,10,1,1
1,just me killin time to say hey! ğŸ˜„,10,0,0,0
0,2010 Week 11,0,0,0,0
1,class hall missions and heroic dungeons surprised ğŸ˜„,10,0,0,0
1,Maayos didn%27t ang lahat happy lets give him a space and time happy ğŸ˜Š ğŸ˜Š,20,0,1,0
0,Baaaper unhappy ğŸ˜§,0,10,1,1
0,last night I had a dream in which I moved to Japan and just so happened to see you! You denied my friendlies request. unhappy ğŸ˜§,0,10,1,1
1,Thanks smile much better today and thanks for the message. ğŸ˜­,0,10,0,0
1,Good evening happy.1,0,0,2,0
1,Does not matter,0,0,0,0
1,This is why I made the video about improving your line work on YouTube,0,0,0,0
1,Another great day out in Westhoughton,0,0,1,0
1,Order what ever you want to eat through our website.May you all have a great day happy.1,0,0,2,0
0,One table last night told me I look like a graceful ballerina gliding through tables- then another told me I looked like a flash dancer unhappy ğŸ˜§,0,10,1,1
0,I honestly think that their just trying to get rid of me and make a mockery out of me in my Town because i just wont admit it. unhappy ğŸ˜§,0,10,1,1
0,mannn,0,0,0,0
0,All my irls are coming at me because I meet the boys too much and I don't deserve any of it unhappy ğŸ˜§,0,10,1,1
1,Stats for the week have arrived. 1 new follower and NO unfollowers happy via.2 ğŸ˜Š,10,0,1,0
1,Thanks for the recent follow Happy to connect happy have a great Thursday..13 ğŸ˜Š,10,0,2,0
0,for some reason last.fm unlinks from spotify and i miss like a month of scrobbles before i notice unhappy ğŸ˜§,0,10,1,1
1,this worked out beautifully. If you redesign the import page to suit the whole application would mak,0,0,0,0
1,LADIES! - tell me why yoyoyou don't play golf. What wyoyoyoud make yoyoyou want to play? Top 3 reasons yoyoyou DO play? heyjyoyoyoude66info,0,0,0,0
0,Definitely my arms unhappy .15 ğŸ˜§,0,10,1,1
1,First happy ğŸ˜Š,10,0,1,0
0,we left it all unspoken,0,0,0,0
0,We lost: at Jacksonville,0,0,0,0
1,Thanks for the recent follow Happy to connect happy have a great Thursday..12 ğŸ˜Š,10,0,2,0
0,freebet any sport except total mkets on handball,0,0,0,0
0,The one on the left? I couldn't see it unhappy ğŸ˜§,0,10,1,1
1,Morning,0,0,0,0
1,I second that! Thanks for the spin. Very much appreciated. happy ğŸ˜Š,10,0,1,0
1,Order what ever you want to eat through our website.May you all have a great day happy.3,0,0,2,0
1,Unnamed: 582,0,0,0,0
0,Becoz if we will depend on your promoting its waste of hardwork to all team who,0,0,0,0
1,Hi Kylie,0,0,0,0
0,No one is offering this poor old lady a seat unhappy ğŸ˜§,0,10,1,1
0,I'm all fucked up right now unhappy ğŸ˜§,0,10,1,1
1,Love this!,0,0,1,0
0,I cried so much,0,0,0,0
1,Another great song Have a listen. Its good! You may well like it happy.1,0,0,3,0
0,I liked a video,0,0,0,0
0,When your online crush comes to the meet-up without their Snapchat filter unhappy .3 ğŸ˜§,0,10,1,1
0,but why? unhappy ğŸ˜§,0,10,1,1
0,[thinks about how tfp soundwave is forever trapped in the void realm] unhappy ğŸ˜§,0,10,1,1
1,she might have dressed a bit better.,0,0,0,0
0,jyoustinbieber can you please follow me on daianeryoufato i've been trying for too long unhappy i love you so much baby! xx (April 20 ğŸ˜§ ğŸ˜,10,10,2,1
1,your an inspiration to everyone Miss Jones happy ğŸ˜Š,10,0,1,0
1,With the help of made these sent starters for P1Q3. Open to suggestions on how to improve happy ğŸ˜Š,10,0,1,0
1,pretty happy ğŸ˜Š,10,0,1,0
1,Good luck happy ğŸ˜Š,10,0,2,0
0,yes jenniessi?,0,0,0,0
0,Cleantha,0,0,0,0
1,If you want a friend in Washington,0,0,0,0
0,this is jimin to yoongi unhappy .3 ğŸ˜§,0,10,1,1
1,Bill Nye Answers Science Questions From Twitter | WIRED,0,0,0,0
0,It's hard to imagine anyone but Robin unhappy but still exciting nonetheless ğŸ˜§,0,10,1,1
1,Maybe I do,0,0,0,0
0,Hey screenshot sainyo . Hmm tumagal sana us . Stay what uu are . Im always here fr uu no matter what . Luv uu so mats,0,0,0,0
1,Sure do! happy ğŸ˜Š,10,0,1,0
0,but in reality they're just patches of dusty dirt unhappy ğŸ˜§,0,10,1,1
0,U4v9rr I wish I had noted the gentleman's name unhappy but if you find out who he is ğŸ˜§,0,10,1,1
0,ikr!! unhappy oki welcome sam ğŸ˜§,0,10,1,1
0,Today is 4-20 which is Hitler's birthday unhappy ğŸ˜§,0,10,1,1
1,Thanks for your feedback! It' just the starting phase,0,0,0,0
1,Keep,0,0,0,0
0,sometimes at night i feel scared and vulnerable crying ğŸ˜†,10,0,0,0
0,First round exit in 15 minutes followed by 45 of tech crying unhappy ğŸ˜† ğŸ˜§,10,10,1,1
0,Goodnight princess,0,0,1,0
1,Surround yourself with positivity happy.1,0,0,1,0
0,it's Adore you,0,0,0,0
1,So Happy It's Thursday*,0,0,1,0
0,no one is selling vhope banners what? sad ğŸ˜”,0,10,0,1
1,Thank you happy.1,0,0,1,0
0,Okay lang friend promise meant to be broken =( HAHAHAHA,0,0,0,0
0,Being a parent is very challenging. If we cannot control ourselves we'll give the worst output to the children In other word,0,0,0,0
1,plus I want to win that Merc C63 silence Sooo! happy ğŸ˜Š,10,0,1,0
1,In class and I'm really bored so why not happy Rt for one!! Mutuals non mutuals Pls don't let me flop ;-; ğŸ˜Š,10,0,1,0
0,Too bad i can't watch it unhappy that cake is cute and looks delicious ğŸ˜§,0,10,1,2
1,Thanks for the recent follow Happy to connect happy have a great Thursday..23 ğŸ˜Š,10,0,2,0
1,Make them feel that you are there to listen to their problems,0,0,0,0
1,chaged for the best for our Singto. Please,0,0,0,0
1,I had all and then most of you,0,0,0,0
0,I miss London already unhappy ğŸ˜§,0,10,1,1
0,mom please stop making cookies,0,0,0,0
1,you'll be see.1,0,0,0,0
0,pake unhappy ğŸ˜§,0,10,1,1
0,how come i didn't get a reminder email this month unhappy ğŸ˜§,0,10,1,1
1,Congrats on your ğŸ˜„,10,0,0,0
0,yoongi come back unhappy ğŸ˜§,0,10,1,1
1,Seokjinie went to Everland today~ I guess he forgot that he's an idol.1,0,0,0,0
1,19 days of school left happy ğŸ˜Š,10,0,1,0
1,rather,0,0,0,0
1,I used to like my neighbours,0,0,0,0
1,Issa Throwback. happy ğŸ˜Š,10,0,1,0
1,Right I seriously need a decent Butterfly Tattoo design,0,0,0,0
1,If school has taught us anything,0,0,0,0
0,they would have sustained their fame if they did unhappy ğŸ˜§,0,10,1,1
0,#NAME?.2,0,0,0,0
1,much appreciated happy Want this ğŸ˜Š,10,0,1,0
1,er,0,0,0,0
0,pamura isa because in this very moment,0,0,0,0
0,Not surprised that I have the least amount of followers out of the whole cast sad LOL ğŸ˜”,0,10,0,1
1,comforting London fog.,0,0,0,0
1,keep smiling happy.1,0,0,1,0
1,Go back to school for music! I think I will in time happy.1,0,0,1,0
0,instant message still hoping unhappy .1 ğŸ˜§,0,10,1,1
1,i was telling you to read a book today. knowledge is power. knowledge is growth. kee,0,0,0,0
0,this is damn.... theres people who sincerely want to attend BH birthday party but bcs of those people who try for fun make them ca.11,0,0,0,0
1,A little bit overdramatic death happy ğŸ˜Š,10,0,1,0
0,help me too unhappy as an early birthday gift huhu ğŸ˜§,0,10,1,1
0,watchman comes and threatens me,0,0,0,0
1,hey,0,0,0,0
0,now I need a different pinned tweet unhappy ğŸ˜§,0,10,1,1
1,Watch this MayWard Fam!,0,0,0,0
1,I hit that,0,0,0,0
1,lips though,0,0,0,0
1,this isn't,0,0,0,0
0,Oh boo,0,0,0,0
0,beauty,0,0,0,0
1,20% off all Knight Day Jewellery ends this Sunday-Why not pick up something nice for,0,0,1,0
0,this is damn.... theres people who sincerely want to attend BH birthday party but bcs of those people who try for fun make them ca.2,0,0,0,0
0,good morning i had a nightmare and i'm still wondering why maddie hates me. this is only the beginning of the day unhappy ğŸ˜§,0,10,2,2
0,Definitely my arms unhappy .4 ğŸ˜§,0,10,1,1
0,my puppies deserves all better unhappy .2 ğŸ˜§,0,10,1,1
0,Nick? Might he deliver WHEN the time demands it. Story of his life -,0,0,0,0
0,today hasn't been great unhappy ğŸ˜§,0,10,2,1
1,Thanks for connecting We are passionate about - hope you like our tweets happy.1,0,0,1,0
0,I hate throwing up unhappy ğŸ˜§,0,10,1,2
1,Many thanks,0,0,0,0
1,thanks for the recent follow,0,0,0,0
1,clauditte,0,0,0,0
0,You can have mine and I'll take the iPhone. I'm switching back when my contract is up... in a year and a half unhappy ğŸ˜§,0,10,1,1
1,and I suspect you will be one of the few who would get it happy ğŸ˜Š,10,0,1,0
0,Definitely my arms unhappy .3 ğŸ˜§,0,10,1,1
1,And that's what's important! happy that's what I'm trying to remember. ğŸ˜Š,10,0,1,0
1,thanks for the recent follow.4,0,0,0,0
0,I miss Jamie boy and we're both sick unhappy ğŸ˜§,0,10,1,1
1,We bought a 523 litre fridge. I am applying for cold storage license in Bhayander West ğŸ˜„,10,0,0,0
0,Omg I see why you don't drink alcohol Haha so glad your having fun all you guys ! Wish I,0,0,0,0
0,wowwow these are all so cute unhappy i wantt .1 ğŸ˜§,0,10,1,1
0,this is jimin to yoongi unhappy .4 ğŸ˜§,0,10,1,1
1,kind of like my layout happy ğŸ˜Š,10,0,1,0
0,oh my god what the heck i'm so sorry! this was one of my favorites as well unhappy ğŸ˜§,0,10,1,1
0,i think that's going to be true,0,0,0,0
1,We don%27t spam him in any way,0,0,0,0
0,let alone for free!),0,0,0,0
0,Been streaminuteg for 45 minute not understanding a thing and still.. unhappy ğŸ˜§,0,10,1,1
0,we can get pork katsudon at Tokyo Diner! Tho it doesn't have egg in it unhappy ğŸ˜§,0,10,1,1
1,THANK YOU happy ğŸ˜Š,10,0,1,0
0,this is damn.... theres people who sincerely want to attend BH birthday party but bcs of those people who try for fun make them ca.9,0,0,0,0
0,Zabardast,0,0,0,0
0,this is damn.... theres people who sincerely want to attend BH birthday party but bcs of those people who try for fun make them ca.5,0,0,0,0
1,Happy birthday,0,0,1,0
1,i love him crying with joy ğŸ˜ ğŸ˜†,20,0,1,0
1,IF THE BELOW TWEET HITS 1000 IS GETTING RIAN HOLDING THE STICKER TOO!!! Click the below tweet SM,0,0,0,0
1,Die evil raven! ğŸ˜„,10,0,0,0
0,Bantay? unhappy ğŸ˜§,0,10,1,1
1,me everything and anything these days,0,0,0,0
0,jungkook looks like he gives the biggest and warmest hugs unhappy ğŸ˜§,0,10,1,1
0,He's not beating the two favourites here anyway so I'll stop caring about this match,0,0,0,0
0,the new one just seems a bit unstable unhappy ğŸ˜§,0,10,1,1
0,come back callie gabbie d ghost unhappy i love you both ğŸ˜§ ğŸ˜,10,10,2,1
0,this wasnt meant to sound ano sad ğŸ˜”,0,10,0,1
0,ahhh I'd be well chuffed,0,0,0,0
0,Lage unhappy ğŸ˜§,0,10,1,1
1,Thanks for up-voting us on PH happy.1,0,0,1,0
0,Who got to pen today man crying ğŸ˜†,10,0,0,0
0,this is damn.... theres people who sincerely want to attend BH birthday party but bcs of those people who try for fun make them ca,0,0,0,0
0,this is damn.... theres people who sincerely want to attend BH birthday party but bcs of those people who try for fun make them ca.14,0,0,0,0
1,The video will definitely be a 30 minute episode if not longer.,0,0,0,0
1,retweet this tweet if you want your to be included in the nhc scrapbook!! i'll be making something out of all of the usern,0,0,0,0
1,Client work for rt and favorite happy.1,0,0,1,0
0,Who's that chair you're sitting in? Is this how I find out. Everyone knows now. You've shamed me in pu,0,0,0,0
1,Get this to 150!!,0,0,0,0
1,Hey thanks for being top new followers this week! Much appreciated happy.1,0,0,1,0
1,Thanks for the recent follow Happy to connect happy have a great Thursday. Want this ?.4 ğŸ˜Š,10,0,2,0
1,Thanks for the recent follow Happy to connect happy have a great Thursday..19 ğŸ˜Š,10,0,2,0
0,[PLEASE RT] he'll buy me a blinking taehyung headband,0,0,0,0
1,Share the love: thanks for being top new followers this week happy.1,0,0,2,0
1,vocal coach IG post:,0,0,0,0
1,we finally got jinyoung to wipe it for jaebum himself but their precious son blocks it for the world to witness it.1,0,0,0,0
0,i miss minmin crying ğŸ˜†,10,0,0,0
0,when will you go here in batangas? sad ğŸ˜”,0,10,0,1
1,Hello everyone.1,0,0,0,0
1,Seokjinie went to Everland today~ I guess he forgot that he's an idol,0,0,0,0
0,Scout photobombed my bluebells photo sad ğŸ˜”,0,10,0,1
1,and mag refer kana rin sakanila nice game,0,0,1,0
1,I had that down south and had no issues,0,0,0,0
1,That would be a great trick happy.5,0,0,2,0
0,Definitely my arms unhappy .13 ğŸ˜§,0,10,1,1
1,One of our fleet is solely seeharged by domestisee hydro Toro see,0,0,0,0
0,That makes me sad. unhappy I wasn't friends with her like you ğŸ˜§,0,10,1,2
1,who knows ğŸ˜„,10,0,0,0
1,Share the love - High Value Members of this week happy (insight by ğŸ˜ ğŸ˜Š,20,0,2,0
0,Sooooo feels like a Friday today unhappy ğŸ˜§,0,10,1,1
1,instant message perfectly fine ğŸ˜„ how about you fellow ken,10,0,0,0
0,Damn you both,0,0,0,0
1,30 likes?} hehe,0,0,0,0
0,you might set the whole place on fire.,0,0,0,0
1,i was telling you to read a book today. knowledge is power. knowledge is growth. kee.1,0,0,0,0
1,Hi KN fans! happy ğŸ˜Š,10,0,1,0
0,I WAITED FOR U unhappy ğŸ˜§,0,10,1,1
0,Louis_Tomlinson follow me please? unhappy ğŸ˜§,0,10,1,1
0,I woke up at 4:17,0,0,0,0
1,I love it when pretty girls call me pretty like bitch tf you too happy let's be friends ğŸ˜ ğŸ˜Š,20,0,2,0
1,if anyone has got a design or could find me one I would be so grateful to you ğŸ˜„,10,0,0,0
1,Naila Raheem is now following me on Twitter!,0,0,0,0
0,did some warm up sketches of some of my faves,0,0,0,0
0,Feeling so shit today unhappy ğŸ˜§,0,10,1,1
1,Who wants some good vibes? Watch this on YouTube or TV100 application now for FREE happy.1,0,0,2,0
0,2017 at 08:45AM),0,0,0,0
0,I suddenly miss you ate unhappy ğŸ˜§,0,10,1,1
1,you also support each other! AN,0,0,0,0
0,Che no critiques. unhappy ğŸ˜§,0,10,1,1
0,I think that's one of the hottest part of your body,0,0,0,0
1,Hellooo.. happy Lil strait (Daddyy_rat) ğŸ˜Š,10,0,1,0
0,got to aksis 2nd part and have a CP for him but have never completed it since return on investment dropped laughing out loud unhappy ğŸ˜§,0,10,1,1
0,Aseek,0,0,0,0
1,going to go meet andrew for lunch now but i'll be back at to or to :30,0,0,0,0
1,Thanks for the recent follow Happy to connect happy have a great Thursday. Want it.2 ğŸ˜Š,10,0,2,0
1,there're time shinhwa do/did something,0,0,0,0
0,oh shiiiiid noooooor unhappy ğŸ˜§,0,10,1,1
1,you can get a professional one here,0,0,0,0
1,looking forward to you visiting! You've picked a great day too,0,0,1,0
0,I'm aborting mission now have a nice day though x,0,0,1,0
0,Autograph book at the ready,0,0,0,0
1,lolo bin are you fucking mental screenshot ğŸ˜„ HAHA,10,0,0,0
1,Share the love: thanks for being top new followers this week happy.2,0,0,2,0
1,i wasn't saying i read a book today,0,0,0,0
0,Haven't played FM in a long time. I really should. unhappy ğŸ˜§,0,10,1,1
0,My salary reminds me of the weekends,0,0,0,0
0,i want harry's phonecase sad ğŸ˜”,0,10,0,1
1,Myth is a good Team,0,0,1,0
0,I understand that look sad ğŸ˜”,0,10,0,1
1,Congratulations very impressive happy ğŸ˜Š,10,0,1,0
1,What a sad life it must be ğŸ˜”,0,10,0,1
0,Definitely my arms unhappy .5 ğŸ˜§,0,10,1,1
1,went to work.Don't get too excited,0,0,0,0
1,well..human. That's all i,0,0,0,0
1,Thank you crew happy.4,0,0,1,0
1,Hi Guys,0,0,0,0
0,sorry unhappy i just need sex for the time being ğŸ˜§,0,10,1,1
1,HAPPY BIRTHDAY To the cyoutest/fyounniest a d you l t I know :')Have a good day Coreo Boreo,0,0,2,0
1,especially for people who have low patience level happy ğŸ˜Š,10,0,1,0
1,Thanks for the recent follow Happy to connect happy have a great Thursday..22 ğŸ˜Š,10,0,2,0
0,flavorful dream,0,0,0,0
1,Still live!,0,0,0,0
1,I'm on a road with no destination . I'm just driving with a hope to find some place I like and stay there,0,0,0,0
1,Nothing is ever as it seems. What looks bad today,0,0,0,1
0,I'm so tired unhappy ğŸ˜§,0,10,1,1
1,Haha thanks fansnim! happy ğŸ˜Š,10,0,1,0
0,i really feel for that lamp unhappy ğŸ˜§,0,10,1,1
0,Guess who's not getting a unicorn frappuccino because they're sold out unhappy ğŸ˜§,0,10,1,1
1,Thank you crew happy.3,0,0,1,0
1,Come volunteer at The Abbeydale Picture House! Next Wednesday...,0,0,0,0
1,No stress Mariana,0,0,0,0
0,I feel like the 'only environments disable people' argument actually excludes many disabled people,0,0,0,0
1,your birthday isn't for another for hours for me,0,0,0,0
0,sounds family,0,0,0,0
1,Hello 1372 followers - thank you so much for following! Will love to read your Tweets happy Want this ? ğŸ˜ ğŸ˜Š,20,0,2,0
1,look how big I've become!,0,0,0,0
1,Unnamed: 223,0,0,0,0
1,fitness,0,0,0,0
1,Happy 420 everyone happy ğŸ˜Š,10,0,1,0
0,4/20 today,0,0,0,0
0,baby unhappy (bett ğŸ˜§,0,10,1,1
0,One of my faves too unhappy I'm tying to get it up on Vimeo so you guys can still watch it x ğŸ˜§,0,10,1,1
0,this is damn.... theres people who sincerely want to attend BH birthday party but bcs of those people who try for fun make them ca.4,0,0,0,0
1,we will be never ready actually happy idhuellam dialogue ku dhan othu varum.. ğŸ˜Š,10,0,1,0
1,Tara,0,0,0,0
0,this is damn.... theres people who sincerely want to attend BH birthday party but bcs of those people who try for fun make them ca.15,0,0,0,0
1,Hellooo happy Jackatkinson (jackat13) ğŸ˜Š,10,0,1,0
1,TICKETS AVAILABLE NOW for The 401 Festival of Running 2017,0,0,0,0
0,For those asking,0,0,0,0
0,i miss them already unhappy ğŸ˜§,0,10,1,1
1,Good luck to Rich riding for great project in this Sunday. Can you donate?.1,0,0,2,0
0,it's just got 3 years longer unhappy ğŸ˜§,0,10,1,1
1,Cpl Swallows just gone over the house. Heard them whilst flying my drone.. happy ğŸ˜Š,10,0,1,0
1,SAP did you also use,0,0,0,0
1,Nice gif happy ğŸ˜Š,10,0,2,0
0,22 is old unhappy ğŸ˜§,0,10,1,1
1,Thanks for the recent follow Happy to connect happy have a great Thursday..15 ğŸ˜Š,10,0,2,0
1,Hi,0,0,0,0
1,Well.1,0,0,0,0
1,pips singing let it snow crying with joy ğŸ˜†,10,0,0,0
1,Shihaaaa help me on my bishie hunttt equals ^ equals ),0,0,0,0
1,you'll be see,0,0,0,0
0,Time just flies,0,0,0,0
1,for trade ? happy what yeah want ? ğŸ˜Š,10,0,1,0
1,keep being you,0,0,0,0
0,it's $10 but also free postage. i wish the seller had yanan and yeo one too. unhappy ğŸ˜§,0,10,1,1
0,I miss you Levi unhappy ğŸ˜§,0,10,1,1
1,Hey thanks for being top new followers this week! Much appreciated happy.2,0,0,1,0
1,Annapurna studios production no.29 on floors tomorrow. In this heat we are going to turn on the heat happy can't expre ğŸ˜Š,10,0,1,0
0,Koalas are dying of thirst and it's all because of us unhappy .9 ğŸ˜§,0,10,1,1
0,I need lessons to learn how to start conversations with people and keep chatting with them unhappy ğŸ˜§,0,10,1,1
0,:^) hello,0,0,0,0
0,this song will always be one of my faves unhappy ğŸ˜§,0,10,1,1
0,Damn it isn't available here unhappy ğŸ˜§,0,10,1,1
0,SO PRECIOUS I REALLY MISS HIM unhappy ğŸ˜§,0,10,1,1
1,Ooh,0,0,0,0
1,I guess it's a good thing then to bring it right to the foreground and put it right in their face,0,0,1,0
0,I MISSED YOU A WHOLE LOT unhappy ğŸ˜§,0,10,1,1
0,and i would never forget about you!!,0,0,0,0
1,but Genix deserves so much more than Myth! Open your Eyes The Community want,0,0,0,0
1,A Chub bun because its Easter! Happy Easter! His name is Almond! :D.1,0,0,1,0
1,Facts About Parrots in Minecraft coming soon!! ğŸ˜„,10,0,0,0
1,we finally got jinyoung to wipe it for jaebum himself but their precious son blocks it for the world to witness it,0,0,0,0
0,Just please look at how scared and full of tence lauren's face is after tryin reaching camila's hand,0,0,0,0
1,We're you also at our signing session with Qian Liu Jared Wright after the last performance of Onegin? Share your,0,0,0,0
0,White genocide is not a thing. Its figment of your imagination. Youre a victim of nothing but disinformation.,0,0,0,0
0,one direction (band) whats going on unhappy ğŸ˜§,0,10,1,1
0,younhappy I'll keep it jyoust for you,0,0,1,1
1,papa bird? I hope year oldu don't mind? Because I want to stay with year old,0,0,0,0
0,don't rt to save a guy's life,0,0,0,0
0,Hi Aled,0,0,0,0
1,Yep I'm going back to school to become an editor hopefully. Can't wait! Your sister really believes in my skills happy ğŸ˜Š,10,0,1,0
0,and all the mobbing in Australia,0,0,0,0
1,I look good in blue happy ğŸ˜Š,10,0,2,0
0,Trying to get in touch with but their numbers appear to be down! unhappy ğŸ˜§,0,10,1,1
1,Sixth spot not applicable Team! Higher pa! ğŸ˜Š ğŸ˜˜ TheFashionIcon,20,0,0,0
0,Faltan Russel why Noodle unhappy ğŸ˜§,0,10,1,1
1,Oh,0,0,0,0
0,Dear attendees,0,0,0,0
1,Hey thanks for being top new followers this week! Much appreciated happy.3,0,0,1,0
0,yeah i am unhappy thank you so much my angel ğŸ˜§,0,10,1,1
0,seem I want to drop this account to wuhyungwon unhappy ğŸ˜§,0,10,1,1
0,Deep scratch ;_;All the paint is gone you see the bare metal. So it needs to be fixed to avoid getting a rusting car soon unhappy ğŸ˜§,0,10,1,1
0,but like HOW LONG IS A WHILE?! i didn't want him to be back but he puts me in such a good mood so i don't want him,0,0,1,0
0,I know how you feel,0,0,0,0
1,I really must go see Power Rangers again. smile ğŸ˜­,0,10,0,0
0,in fact.,0,0,0,0
1,Share the love: thanks for being top new followers this week happy Want it ğŸ˜Š,10,0,2,0
1,But I think you'll do better than me happy ğŸ˜Š,10,0,1,0
0,talking to my over driver about where I'm goinghe said he'd love to go to New York too but since Trump it's probably not.6 ğŸ˜,10,0,1,0
1,Exaseetly what's happening in TN Politisees. This is not to get BJP at all to TN. Game is different. Again.1,0,0,0,0
0,but what camera you shooting with,0,0,0,0
1,Someone asked me Hows life? I just smiled and replied,0,0,0,0
0,I miss talking to yoyoyou who are yoyou younhappy yoyou can always still talk to me,0,0,1,1
1,Good morning every one.2,0,0,1,0
1,Delma Hanville It's official we are connected on Twitter! Thank you for the follow. Please don't ever Let It Go! happy ğŸ˜Š,10,0,1,0
1,rt for 13 ffs-it's not much but they're free-legit-free but follow me first to get them quicker-be patient i will g,0,0,0,0
0,unhappy oh man.. ğŸ˜§,0,10,1,1
0,I sincerely hope not too many priceless antiques were destroyed. Reg,0,0,0,0
1,Jamie. Passion + perseverance equals two of the not-so-secret ingredients in the secret sauce of success happy ğŸ˜Š,10,0,1,0
1,Thanks for the retweets this week. Much appreciated happy Want this? It's FREE! ğŸ˜Š,10,0,1,0
1,Thanks for the recent follow Happy to connect happy have a great Thursday..14 ğŸ˜Š,10,0,2,0
0,I miss it already unhappy ğŸ˜§,0,10,1,1
0,i miss jihoon sad .1 ğŸ˜”,0,10,0,1
1,Gourmet chocolates are special and should be reserved for special occasions. Plain MMs,0,0,0,0
0,Oh well never liked Clay anyway unhappy ğŸ˜§,0,10,1,1
1,That would be a great trick happy.4,0,0,2,0
1,if josie,0,0,0,0
1,Hellooo.. happy satans-daughter (taylynnox) ğŸ˜Š,10,0,1,0
0,Umma why you do this crying ğŸ˜†,10,0,0,0
0,Andy unhappy ğŸ˜§,0,10,1,1
1,SONE who cant stream at Genie!You CAN stream for TY at Genie! We are still sharing some Genie IDs. If you want it.1,0,0,0,0
1,I'm a Japanese Directioner ğŸ˜„,10,0,0,0
1,will miss it but I'm on an open education seminar in Palestine happy ğŸ˜Š,10,0,1,0
1,Good morning every one.3,0,0,1,0
0,I face swapped a cat with a dog and it's really upsetting unhappy .4 ğŸ˜§,0,10,1,1
0,Koalas are dying of thirst and it's all because of us unhappy .7 ğŸ˜§,0,10,1,1
1,i got goosebumps,0,0,0,0
0,please do commend him. H,0,0,0,0
0,SO PRECIOUS I REALLY MISS HIM unhappy .1 ğŸ˜§,0,10,1,1
1,have a great Thursday! Looking forward to reading your tweets happy Want this ğŸ˜Š,10,0,2,0
0,U GUYS ARE NOT NOTICING ME unhappy ğŸ˜§,0,10,1,1
0,what if the one direction (band) itself is the one who's giving up? unhappy .1 ğŸ˜§,0,10,1,1
0,I have to wake up at 4:30 tomorrow so my body's gotten a head start by waking up at 4:30 every day this week unhappy ğŸ˜§,0,10,1,1
1,Well,0,0,0,0
0,I know I'm not ready to say goodbye unhappy So ğŸ˜§,0,10,2,1
1,This is great to hear Joanna! happy We're so pleased you've had a good experience. ğŸ˜Š,10,0,3,0
1,Top retweeters this week,0,0,0,0
0,what if the one direction (band) itself is the one who's giving up? unhappy ğŸ˜§,0,10,1,1
1,There're time we shcj do/did something that dissapointed ot6,0,0,0,0
0,Yeah! My sight reading was pretty good in high school.1,0,0,1,0
1,I check Beautiful News every single day,0,0,0,0
0,but no sign.,0,0,0,0
1,I'm sorry but people have to make a living happy ğŸ˜Š,10,0,1,0
1,check her AS:,0,0,0,0
1,Kiera's Quest: Awakenings (Kiera's Quest Book 1),0,0,0,0
1,Wow,0,0,0,0
1,Playoffs rematch complete! Feels good going to worlds again ğŸ˜„,10,0,1,0
0,Thanks for that! Little things like that really help when sleep starts hitting and you don't drink coffee or energy drinks unhappy ğŸ˜§,0,10,1,1
0,This picture makes me sad unhappy ğŸ˜” ğŸ˜§,0,20,1,2
1,Just win at weekend and it will be a late gift,0,0,0,0
0,aando uandhappy i googled it the other day to read the meandu agaiand and it said it was a hoax,0,0,1,0
1,online shopping timmeee. anyone got good site suggestions? happy ğŸ˜Š,10,0,2,0
0,Nooo your hair color is pretty .1,0,0,0,0
1,made dinner for two tonight happy.1,0,0,1,0
1,FAT ASS GIRL FAT FETISH760 HOT VIDEOS ONLINE,0,0,0,0
0,Who hacked me unhappy ğŸ˜§,0,10,1,1
0,can't wait to see you in that film Karl! I wished you would be here were I'm bu,0,0,0,0
0,A fish killer going to be pressed younhappy I the hoe of today you were a GOOD person,0,0,2,1
1,I'll like her happy ğŸ˜Š,10,0,1,0
0,#NAME?.1,0,0,0,0
1,The best community gathering coming up! We're full,0,0,0,0
0,unhappy sure ğŸ˜§,0,10,1,1
1,Thanks for being top engaged community members this week happy Want this ğŸ˜Š,10,0,1,0
0,Hitches Ride For Final unhappy ğŸ˜§,0,10,1,1
1,Join us this Saturday to celebrate our Earth by planting seedings! Head to our FB page for more information. happy ğŸ˜Š,10,0,1,0
1,as long as she's cool,0,0,0,0
0,It was not your fault,0,0,0,0
1,.Thanks so much for the RT,0,0,0,0
0,Dammit the effect of the linearts doesn't show so nicely on twitter unhappy ğŸ˜§,0,10,2,1
1,Exaseetly what's happening in TN Politisees. This is not to get BJP at all to TN. Game is different. Again,0,0,0,0
1,Pls RT[NCT FIC] Love Song,0,0,1,0
0,77 ? Old Leyland,0,0,0,0
1,Pfft- crying with joy Oh.. I hope year oldu're okay ğŸ˜†,10,0,0,0
1,year old i am commenting on all the new ladylike videos. trust me. not a troll,0,0,0,0
0,Lets hope a VIP does this good deed. I want to watch this too . They shouldn't have done thi,0,0,1,0
1,Thanks for the recent follow Happy to connect happy have a great Thursday..21 ğŸ˜Š,10,0,2,0
0,Ye... I will miss you unhappy ğŸ˜§,0,10,1,1
0,So I may be one of those workers who are not properly compensated unhappy ğŸ˜§,0,10,1,1
1,congrats! ğŸ˜„,10,0,0,0
1,If you're a CHAMPION,0,0,0,0
0,Roc Boyz sad ğŸ˜”,0,10,0,1
0,talking to my over driver about where I'm goinghe said he'd love to go to New York too but since Trump it's probably not.5 ğŸ˜,10,0,1,0
0,WUUT SERIOUSLY?,0,0,0,0
0,Guys please help I tried to smoke some lettuce earlier but now my salad is ruined unhappy ğŸ˜§,0,10,1,1
0,Oh no unhappy ğŸ˜§,0,10,1,1
0,Sorry I didn't make it to the book drive yesterday couldn't get outta work unhappy ğŸ˜§,0,10,1,1
0,Miss my friends unhappy ğŸ˜§,0,10,1,1
0,this is jimin to yoongi unhappy .2 ğŸ˜§,0,10,1,1
0,aww eunji didnt see win today sad but congratulations to winner !!!! ğŸ˜”,0,10,0,1
1,What texts are you doing? happy I've got the same issue! ğŸ˜Š,10,0,1,0
1,positive and loving always happy ğŸ˜Š,10,0,1,0
1,Stats for the day have arrived. 1 new follower and NO unfollowers happy via.2 ğŸ˜Š,10,0,1,0
1,find out more and sign up at,0,0,0,0
0,Don't ask. Two special issues lined up. unhappy ğŸ˜§,0,10,1,1
1,please! :D| KenBie,0,0,0,0
1,Thank you crew happy.2,0,0,1,0
0,Annoyingly the spaces in the variable width version of the C64 font that's available on the internet are wi,0,0,0,0
1,Great to work with you too such a lovely place! Thank you for havin,0,0,2,0
1,There was nothing religious in it. is calling out sexism. I don't think I need to spell out my stand,0,0,0,0
0,Hey Tony,0,0,0,0
1,Tell us about happy ğŸ˜Š,10,0,1,0
0,Definitely my arms unhappy .7 ğŸ˜§,0,10,1,1
0,this is jimin to yoongi unhappy .7 ğŸ˜§,0,10,1,1
1,Another day! Good morning!! It's April 20,0,0,1,0
1,Great night! Hope you enjoyed the strip club after happy Thx for photo ğŸ˜Š,10,0,2,0
0,Pierces like a bitch unhappy ğŸ˜§,0,10,1,1
0,Goodmorning!! My Parents are taking kids for lunch today- they are off school-Report Card! I'm wor,0,0,1,0
0,I seriously thought that Coldplay was going to be band like Depeche Mode or U2,0,0,0,0
1,I hate people who steal my ideas,0,0,0,1
0,I WAITED FOR YOU unhappy ğŸ˜§,0,10,1,1
1,Veronice and Jughead! happy.1,0,0,2,0
1,I'd say ğŸ˜„,10,0,0,0
0,basketball etc theyre all restrict.Threw,0,0,0,0
0,sob. unhappy ğŸ˜§,0,10,1,1
1,Can you guys make the Japanese Greninja's and Waveguider come as well? happy ğŸ˜Š,10,0,1,0
1,Are you also attractive to Liza Soberano? happy ğŸ˜Š,10,0,1,0
0,Never want to finish desperate housewives what will I do with my life unhappy ğŸ˜§,0,10,1,1
1,please let me meet taehyung hiks crying with joy really hope i could win.This is my first cover ğŸ˜†,10,0,0,0
0,Pozuelo (formerly of Swans) and Suso (Liverpool now AC),0,0,0,0
1,getting 70k,0,0,0,0
1,Update: I got in ğŸ˜„,10,0,0,0
0,Preacher...... unhappy ğŸ˜§,0,10,1,1
1,friendly service,0,0,0,0
0,Peacefully sitting here reading my book after work,0,0,0,0
0,soph please don%27t win again unhappy jk.. good luck i think you will draw a good poster ğŸ˜§,0,10,2,1
1,Teaser coming out today at 4pm!Story,0,0,0,0
1,An inspiration in all aspects: Fashion,0,0,0,0
0,Claaaaaaaaaaaaasse !,0,0,0,0
0,why can't dogs just live forever unhappy ğŸ˜§,0,10,1,1
0,One year ago today unhappy ğŸ˜§,0,10,1,1
1,=Thumbnail UHC= This is my best render ever :Dand Favs are appreciated brosOpinios ?,0,0,0,0
0,Is that store still in use? If so,0,0,0,0
0,i left my headphones at home unhappy kms ğŸ˜§,0,10,1,1
0,the application is Kana Kanji Funtime! Sadly,0,0,0,1
0,lexxxxxy unhappy youre too nice to me instant message really not eek ğŸ˜§,0,10,2,1
0,but customs mean we can't send food abroad unhappy We do hope your other Birthday dreams come true ğŸ˜§,0,10,1,1
0,Rl? Serius?,0,0,0,0
1,this looks awesome! Id love to see a VN like this ğŸ˜„ ğŸ˜,20,0,2,0
0,he could be whatever,0,0,0,1
0,And you're right about McConnell as well. Unfortunately,0,0,0,0
0,I need cheering up,0,0,0,0
0,how to be you piss off crying 3 ğŸ˜†,10,0,0,0
1,Wow! My friend Dara shared this from her hubby!!! He looks TERRIFIC. ğŸ˜Š Order YOURS here -,10,0,0,0
1,this is the main reason I drink Total selflessness ğŸ˜„,10,0,0,0
0,at least it's not 80 cad like here unhappy (90 cad with Quebec taxes) ğŸ˜§,0,10,1,1
0,Hi Mahima! We share your concern unhappy Please DM us your contact details so that we can get in touch for a detailed.. cont1 ğŸ˜§,0,10,1,1
0,Youngjae looked so sad in the video unhappy ğŸ˜” ğŸ˜§,0,20,1,2
0,Yeah did update to 16.04,0,0,0,0
1,Beautiful album from the greatest unsung guitar genius of our time - and I've met the great backstage,0,0,1,0
0,Speech-to-text doesnt understand my accent or Irish names unhappy ğŸ˜§,0,10,1,1
1,tonight 7pm,0,0,0,0
1,Go :*!!... I know you can do it..,0,0,0,0
1,A nice morning working from today. Lovely atmosphere,0,0,2,0
0,Think it would drive me mad once the synths and other robots turned up. unhappy ğŸ˜§,0,10,1,1
1,It's a very cute picture though ğŸ˜„,10,0,0,0
0,it's been so much fun and I absolutely love the kids!! Don't want it to be over so soon unhappy ğŸ˜ ğŸ˜§,10,10,2,1
0,Unnamed: 938,0,0,0,0
1,wifi,0,0,0,0
1,music and direction by of my favourites by,0,0,0,0
0,senior snaps are starting to get so senti aw unhappy ğŸ˜§,0,10,1,1
0,unhappy But if there'll be 1 Silver-that'd be him! ğŸ˜§,0,10,1,1
1,and totally of,0,0,0,0
1,Thanks for the recent follow Happy to connect happy have a great Thursday. Get this ğŸ˜Š,10,0,2,0
0,Q2 I'm not an MH healthcare professional. As much as I want to help I'm scared to death I might make the situation,0,0,0,0
0,Ah Baba no idea tori olorun. May I never be a victim of such case,0,0,0,0
1,And the website is down since long happy ğŸ˜Š,10,0,1,0
0,fuck get me followers unhappy my ratio is amazing ğŸ˜§,0,10,1,1
0,Used up a month's worth at Laugharne Weekend sad (no wi-fi in small Carmarthenshire towns ğŸ˜”,0,10,0,1
1,Hey,0,0,0,0
0,it kind of feels like a sunburight now right now sad someone please make the nobby things on glasses not slip ğŸ˜”,0,10,0,1
0,I'm just really soft spoken unhappy ğŸ˜§,0,10,1,1
0,Work at 7 this morning unhappy ğŸ˜§,0,10,1,1
0,buy or do anything that supports Canada until,0,0,0,0
0,red velvet too unhappy ğŸ˜§,0,10,1,1
1,PLEASE THIS BEAUTIFUL PRINCESS HAVE YOUR HELP,0,0,0,0
1,Mmmm... the blood of my enemies... happy ğŸ˜Š,10,0,1,0
0,we buried it alive and now it's screaming in my head crying ğŸ˜†,10,0,0,0
1,hey.1,0,0,0,0
0,Jyoust hyoug me,0,0,0,0
0,I wish I was meeting OA again unhappy ğŸ˜§,0,10,1,1
1,Yes,0,0,0,0
1,tonight 7pm.1,0,0,0,0
0,It seems they cost abut 40k a year? I'm paying half that for my full education and don't get treat,0,0,0,0
0,I'll check that out... I was excited about the backup singers but they were way too backup unhappy ğŸ˜§,0,10,1,1
1,Just delivered my Managing the Online Customer Journey keynote at the Autodesk Partner Event. Incredible event,0,0,0,0
1,ABC News got ahold of me and asked if they could use a few seconds of my coming out video for a transgender special this f,0,0,0,0
1,Thanks for the this week,0,0,0,0
1,hi cham,0,0,0,0
1,Hey thanks for being top High Value Members of last week,0,0,0,0
0,All of the park areas in Paris are marked as green on Google maps,0,0,0,0
1,The Bank Job,0,0,0,0
0,I miss the 7/27 costumes unhappy ğŸ˜§,0,10,1,1
1,all! I'm Roy Dahildahil,0,0,0,0
0,Youngjae during fansign on 04/10/17 constantly massaging his back. Clearly something wrong but pretended he was not,0,0,0,0
0,SURE NO PROB. ILABYU TOO,0,0,0,0
1,Congrats for 3M followers on Instagram! happy ğŸ˜Š,10,0,1,0
1,Your body hears everything your mind says. Be kind,0,0,0,0
0,Going to CA in July,0,0,0,0
0,A fish killer going to be pressed younhappy I the hoe of today you were a GOOD person .1,0,0,2,1
1,You may draw your conclusions from any deviation from that level either in the direction of therapy or prevention,0,0,0,0
0,I feel so awful today unhappy I don't want to go to my internship ğŸ˜§,0,10,1,2
1,You better check this out,0,0,0,0
0,sad I don't ğŸ˜”,0,10,0,1
0,Need your help guys crying ğŸ˜†,10,0,0,0
1,beautiful set,0,0,0,0
1,2nd Cousin Vlad !!!!! maybe thats a message from the Hockey G,0,0,0,0
1,DM us happy S.3 ğŸ˜Š,10,0,1,0
1,We've 80 so far in our collection of 150+! happy New gin menu coming soon as well! ğŸ˜Š,10,0,1,0
1,Hi Han,0,0,0,0
1,Awesome recommendation Jess! Listened to the,0,0,1,0
1,Nothing could be better happy.4,0,0,1,0
1,Sister cyril came to our school once happy ğŸ˜Š,10,0,1,0
1,Hey.1,0,0,0,0
0,I won't be on till later! unhappy ğŸ˜§,0,10,1,1
0,there's always shit like this. there's always people who are less deserving getting tickets,0,0,0,0
1,Agreed! I feel like I've skipped too many css/design fundamentals. I'm spending the next couple of,0,0,0,0
1,Thanks for the recent follow Happy to connect happy have a great Thursday..18 ğŸ˜Š,10,0,2,0
1,Thanks for sharing my iris photo. I really appreciate it smile ğŸ˜­,0,10,0,0
0,assumes Im outsider because of my,0,0,0,0
1,we just reply to his tweets?? Like all his other followers do.....This is pointless,0,0,0,0
0,Gorbachev done w/o fear. Thought bold enough to implement his vision on Damp Squib unhappy ğŸ˜§,0,10,1,1
0,PLAYMFS: need moodbooster juseyo unhappy jily_jelly ğŸ˜§,0,10,1,1
0,My husband has a family history with the mafia too but he doesn't know the stories sad ğŸ˜”,0,10,0,1
1,Thanks for the recent follow Happy to connect happy have a great Thursday. Want this.5 ğŸ˜Š,10,0,2,0
1,Feeling myself,0,0,0,0
0,this is damn.... theres people who sincerely want to attend BH birthday party but bcs of those people who try for fun make them ca.3,0,0,0,0
1,Our crazy EASTER! Our donkey is insane! Seriously crazy haha!,0,0,0,0
1,Nah over-rated happy x ğŸ˜Š,10,0,1,0
0,Someone should bring me breakfast to work unhappy ğŸ˜§,0,10,1,1
0,so sorry I havent been checking my tweets unhappy We are all here for you! ğŸ˜§,0,10,1,1
1,not being spe,0,0,0,0
0,i love you but I can%27t be arsed i don%27t know why people keep saying it unhappy ğŸ˜ ğŸ˜§,10,10,2,1
0,Crap. Hailie won't be there. She has a school game and won't make it to Middleburg in time unhappy ğŸ˜§,0,10,1,1
0,Still NO sign - it's a very small area ( Gardens ) and it would be very obvious sad quite a few eyes now ğŸ˜”,0,10,0,1
1,Ok. Just please read the replies on this....,0,0,0,0
0,they're like 90 calories per piece unhappy ğŸ˜§,0,10,1,1
0,the girl in front of me was,0,0,0,0
1,New twitter account piss off no idea MAJA SALVADOR is Follow not applicable guys happy ğŸ˜Š,10,0,1,0
1,it just proves me wrong in a matter of days happy fuck my life happy )) ğŸ˜Š ğŸ˜Š,20,0,1,0
0,That is super scary unhappy ğŸ˜§,0,10,1,1
0,most painful thing ever is having feelings for someone you can't be with .. unhappy ğŸ˜§,0,10,1,1
0,Russell my phone is just 10% is there a possibility or a chance that you would notice me? unhappy ğŸ˜§,0,10,1,1
1,Hey everyone me and Harry have just had pancakes and maple syrup for breakfast . Great way to start the day happy Miss you a ğŸ˜Š,10,0,2,0
0,I'm staying here in SA unhappy ğŸ˜§,0,10,1,1
0,MUZ U MORE,0,0,0,0
0,I can't do it all on my own. (See what I did there? ),0,0,0,0
0,trashing others and having a possee behind you boosts your ego,0,0,0,0
0,The biblical lectures are coming. More notification soon. Tomorrow,0,0,0,0
1,Love you too P!,0,0,1,0
0,But I'm lonely. unhappy ğŸ˜§,0,10,1,1
0,my boyfriend mad cute unhappy ğŸ˜§,0,10,1,1
0,Sorry for being tired on stream. Will get some sleep and try be more fun tomorrow. Just wasn't feeling it tonight guys. Not,0,0,0,0
0,Am away next Thursday unhappy the one after! ğŸ˜§,0,10,1,1
1,Superstar thanks so much for the kind words! Look forward to seeing you soon buddy smile.2,0,0,0,0
1,I write fiction. Some PR knob who writes sentence fragments on an iPad next to the Shoreditch House piss off,0,0,0,0
0,Guess who's not getting a unicorn frappuccino because they're sold out unhappy .1 ğŸ˜§,0,10,1,1
0,damn ify ate unhappy ğŸ˜§,0,10,1,1
1,If this gets 70rts I will giveaway 5 minecraft accounts and an origin account randomly to people who retw,0,0,0,0
0,mane has been amazing unhappy ğŸ˜§,0,10,1,1
1,Do you want me to follow you back? If you do this tweet and I will. happy only ğŸ˜Š,10,0,1,0
0,both look so so good at there current clubs. Shame they never cut it in the PL unhappy ğŸ˜§,0,10,2,1
1,Im getting one too smile smile smile smile ğŸ˜­ ğŸ˜­ ğŸ˜­ ğŸ˜­,0,40,0,0
0,oh noooo baby unhappy ğŸ˜§,0,10,1,1
1,i took a full drink into my uber; i guess you could say instant message pretty wild. These are the Tuesdays we'll never forget happy ğŸ˜Š,10,0,1,0
0,You deserve better . Hope you'll be okay unhappy ğŸ˜§,0,10,1,1
0,Why am I better at pen then pencil?dafaqcomonI just want to be a good drawer unhappy ğŸ˜§,0,10,2,1
1,That would be a great trick happy.3,0,0,2,0
0,I want to give him everything that makes him happy just to see this smile unhappy ğŸ˜Š ğŸ˜­ ğŸ˜§,10,20,1,1
1,You say VUCA,0,0,0,0
0,where's justin i miss him unhappy ğŸ˜§,0,10,1,1
1,AVI for my man ğŸ˜Š Phone made like always ;).1,10,0,0,0
0,Shameful,0,0,0,0
1,i wasn't saying i read a book today.1,0,0,0,0
1,Currently standing outside the shard with a bag full of empty bottles because I came to work with tom today happy ğŸ˜Š,10,0,1,0
0,this is jimin to yoongi unhappy .6 ğŸ˜§,0,10,1,1
0,i'll try sad and yes i am unhappy ğŸ˜” ğŸ˜§,0,20,1,2
0,Hi! We tried to call your number but got no response unhappy Please share another suitable time and an alternate number for.. cont1 ğŸ˜§,0,10,1,1
0,how about me bes jup unhappy ğŸ˜§,0,10,1,1
1,The one with backward cap,0,0,0,0
1,Just wandering around,0,0,0,0
0,can just see the edge creeping in unhappy ğŸ˜§,0,10,1,1
1,Byron in 3 weeks,0,0,0,0
1,Gamer Follow Train!Follow MeRetweet thisFollow all who retweetedGain active followers happy 450 ğŸ˜Š,10,0,1,0
0,I do it for 5/6 times a week leh sad and yes closing is damn fuck opening so much better ğŸ˜”,0,10,0,1
0,My heart hurts. sad I hate people ğŸ˜”,0,10,0,2
1,coming soon to a screen near you.,0,0,0,0
0,Yesterday's faci so cute! But he 30+ ğŸ˜§ Today's faci is old eeyer,0,10,0,0
1,#NAME?,0,0,0,0
1,But,0,0,0,0
1,Thanks for the recent follow Happy to connect happy have a great Thursday..16 ğŸ˜Š,10,0,2,0
0,DONT LAUGH unhappy MEANIE BASE ğŸ˜§,0,10,1,1
0,NOOOO in here is 6.45 ;_; I have classes at that time unhappy ğŸ˜§,0,10,1,1
0,this is damn.... theres people who sincerely want to attend BH birthday party but bcs of those people who try for fun make them ca.8,0,0,0,0
1,you know what i think? you look exceptional for a new Mum,0,0,0,0
0,resolve is sooo slow on my laptop,0,0,0,0
1,Did you go all the way to Keem? Have you been up Minaun? That's a good one if you are into extreme driving today smile ğŸ˜­,0,10,1,0
1,Thanks for the recent follow Happy to connect happy have a great Thursday. Want this ?.1 ğŸ˜Š,10,0,2,0
0,Definitely my arms unhappy .9 ğŸ˜§,0,10,1,1
1,a friend who would like a BRAND NEW Strapback hats only 14.99 at,0,0,0,0
0,Don't be buffalo unhappy ğŸ˜§,0,10,1,1
0,Thank you unhappy i need a certificate signed from God ğŸ˜§,0,10,1,1
1,Watch your words happy ğŸ˜Š,10,0,1,0
0,i love when people or message me w long messages about how beautiful they find joon like unhappy yes i agree keep going ğŸ˜ ğŸ˜§,10,10,2,1
0,HOLY SHIT! 40 pages script of the opening scene of Man Of Steel on Krypton got compressed.I wish I could at least,0,0,0,0
1,see the next tweet! I did about 5 different things while keeping very calm,0,0,0,0
1,good,0,0,1,0
1,Mummy,0,0,0,0
1,and still not being rich - try getting a life,0,0,0,0
1,Here is the link for Seventeen's Yokohama Concert with English subs ğŸ˜Š DDL:,10,0,0,0
0,Would really like it if the coandsole versioands and got the update to makr it like the Steam versioand. =(,0,0,0,0
1,Not really I am a Labour supporter and am actually quite glad happy I mean how much did he claim in 2009 fuck off ğŸ˜Š,10,0,1,0
0,Mine hasn't been sending stuff unhappy ğŸ˜§,0,10,1,1
0,koh,0,0,0,0
1,the displayport to HDMI turned up so we back on to screens o/ 5 days to get the dual PC stream setup sorted (lol) ğŸ˜„,10,0,0,0
0,wish i had someone to cuddle me right now unhappy ğŸ˜§,0,10,1,1
0,[PLEASE RT] he'll buy me a blinking taehyung headband.1,0,0,0,0
0,My boo))):,0,0,0,0
1,As the last event for chapter 1,0,0,0,0
0,unfortunately,0,0,0,0
1,Please,0,0,0,0
0,I just told them to bugger off and hung up! They waned access to my pc. If they phoned someone like my Gran,0,0,0,0
0,Koalas are dying of thirst and it's all because of us unhappy .11 ğŸ˜§,0,10,1,1
1,Stats for the day have arrived. 1 new follower and NO unfollowers happy via.3 ğŸ˜Š,10,0,1,0
0,Bapak Tom Cruise.,0,0,0,0
0,Yeah,0,0,0,0
0,[PLEASE RT] he'll buy me a blinking taehyung headband.2,0,0,0,0
0,instant message still bored unhappy ğŸ˜§,0,10,1,1
0,do you even care at all unhappy ğŸ˜§,0,10,1,1
1,Teaser coming out today at 4pm!Story.1,0,0,0,0
1,Nice,0,0,1,0
0,I miss you more unhappy ğŸ˜§,0,10,1,1
1,13 Reasons Why producers: we care about youth mental health ğŸ˜Š 13RW producers: *show young audience graphic rape and suicide s,10,0,0,0
1,Rose come to him! He's really your enthusiast :-D using SO MUCH not SO MAY! :-) ~~~,0,0,0,0
1,a beautiful day happy ğŸ˜Š,10,0,1,0
0,unhappy ğŸ˜’ unhappy feeling sick ğŸ˜§ ğŸ˜§,0,30,1,1
1,Client work for rt and favorite happy.2,0,0,1,0
0,Nooo your hair color is pretty,0,0,0,0
1,have a great,0,0,1,0
1,Congratulations,0,0,0,0
0,As if this process hasn't been frustrating enough,0,0,0,0
0,this is damn.... theres people who sincerely want to attend BH birthday party but bcs of those people who try for fun make them ca.1,0,0,0,0
0,As Nani in lies unconscious,0,0,0,0
0,Joy we should get him back,0,0,0,0
1,Hellooo.. happy Kyle Davies (RebelByACause) ğŸ˜Š,10,0,1,0
1,Aww hating that I got sponsored,0,0,0,0
1,rt if you hate me crying with joy ğŸ˜†,10,0,0,1
1,Hello everyone,0,0,0,0
1,Thanks for sharing my iris photo. I really appreciate it smile.1,0,0,0,0
1,SONE who cant stream at Genie!You CAN stream for TY at Genie! We are still sharing some Genie IDs. If you want it,0,0,0,0
0,Ailes sure knew how to make a great network! Fox is going downhill wi,0,0,1,0
1,that I said,0,0,0,0
0,my puppies deserves all better unhappy .1 ğŸ˜§,0,10,1,1
1,Awesome! makes a good nurse maid,0,0,2,0
1,Share the love: thanks for being top new followers this week happy.3,0,0,2,0
0,Ah alright,0,0,0,0
1,Unnamed: 527,0,0,0,0
0,Hope he's ok,0,0,0,0
0,Hi! We tried to call your number but got no response unhappy Please share another suitable time and an alternate number.. cont1 ğŸ˜§,0,10,1,1
0,Definitely my arms unhappy .11 ğŸ˜§,0,10,1,1
0,I just finished gym,0,0,0,0
1,AVI for my man ğŸ˜Š Phone made like always ğŸ˜‰,20,0,0,0
1,I know vearey moving. and TWISTY! And you aaree are,0,0,0,0
0,he'll kil,0,0,0,0
1,Thank you crew happy.1,0,0,1,0
1,This never happened with our happy.1,0,0,1,0
